{
  "polygons": [
    [
      [
        10.753668, 106.687030
      ],
      [
        
        10.765473, 106.681708
      ],
      [
        10.782942, 106.698068
      ],
      [
        10.792473, 106.686256
      ],
      [
        10.796691, 106.685669
      ],
      [
        10.791574, 106.706062
      ],
      [
        10.786249, 106.713760
      ],
      [
        10.769627, 106.706720
      ]
    ]
  ],
  "keywords": [
    "Phở",
    "Bùn Bò",
    "Quán",
    "Nhà hàng",
    "Cafe",
    "Bệnh Viện",
    "Ngân Hàng",
    "Khách sạn",
    "UBND"
  ],
  "resolution": 9,
  "zoom_level": 18
}