{
  "polygons": [
    [
      [
        106.7013645,
        10.7671435
      ],
      [
        106.6987038,
        10.7708324
      ],
      [
        106.6908503,
        10.7631383
      ],
      [
        106.69379,
        10.7597443
      ],
      [
        106.7015362,
        10.7669959
      ],
      [
        106.7014289,
        10.7671645
      ]
    ]
  ],
  "keywords": [
    "Phở",
    "Bùn Bò",
    "Quán",
    "Nhà hàng",
    "Cafe",
    "Bệnh Viện",
    "Ngân Hàng",
    "Khách sạn",
    "UBND"
  ],
  "resolution": 10,
  "zoom_level": 18
}